{"walle.mp4": [8.742766003902373], "rio_jungle_jig.mp4": [4.305123244843103], "bedtime.mp4": [5.404216182683945], "forest.mp4": [11.336684024990516], "pingu.mp4": [7.205849228749209], "moana.mp4": [9.139991040498618], "cars.mp4": [3.991270796832668], "tayo_bus.mp4": [9.713745881077058], "up_russell.mp4": [7.368848660418956], "ratatouille.mp4": [6.236865505391574], "incredibles.mp4": [5.5393677083238355], "piper.mp4": [5.120672723800297], "minions_supermarket.mp4": [10.113501293133698], "real_cars.mp4": [6.184654337239298], "bathsong.mp4": [7.262573957697727], "breakfast_smoothie.mp4": [7.81759776792686], "new_orleans.mp4": [6.271645788733608], "wallace_gromit.mp4": [8.610978389779964], "up_kevin_nonsocial.mp4": [5.566264659971124], "supermarket.mp4": [10.95738434130524], "our_planet.mp4": [7.3984770069216115], "up_kevin_social.mp4": [8.228442284392596], "funny_tools.mp4": [4.906352639964063], "hand_tools.mp4": [8.637605874049232], "despicable_me.mp4": [8.050974342361595], "dalmations.mp4": [6.774953092256295], "steamed_buns.mp4": [8.474067314843985], "cartoon_cars.mp4": [6.368128187888005], "mountain_song.mp4": [8.152798996944277], "beachsong.mp4": [7.073523948212232]}