{"walle.mp4": [8.737911286713514], "rio_jungle_jig.mp4": [4.305123244843103], "bedtime.mp4": [4.4004008505617245], "forest.mp4": [11.53251494517885], "pingu.mp4": [7.175370914318888], "kids_kitchen.mp4": [7.862185761370107], "moana.mp4": [7.35357631578426], "cars.mp4": [4.375917924535877], "tayo_bus.mp4": [9.713745881077058], "up_russell.mp4": [7.368848660418956], "ratatouille.mp4": [6.216291500263272], "incredibles.mp4": [5.499048492664718], "piper.mp4": [5.120672723800297], "minions_supermarket.mp4": [9.841923316626861], "real_cars.mp4": [6.184654337239298], "bathsong.mp4": [6.54866848704538], "breakfast_smoothie.mp4": [7.81759776792686], "new_orleans.mp4": [6.219272309896207], "wallace_gromit.mp4": [8.610978389779964], "up_kevin_nonsocial.mp4": [5.566264659971124], "supermarket.mp4": [10.377856274918436], "our_planet.mp4": [6.9887390537996845], "up_kevin_social.mp4": [8.228442284392596], "funny_tools.mp4": [4.906352639964063], "hand_tools.mp4": [8.117274133295979], "despicable_me.mp4": [7.770534510722591], "dalmations.mp4": [6.774953092256295], "steamed_buns.mp4": [7.481366924031286], "cartoon_cars.mp4": [6.368128187888005], "mountain_song.mp4": [7.199865686605363], "beachsong.mp4": [6.354377259549121]}