{"rio_jungle_jig.mp4": [4.305123244843103], "bedtime.mp4": [4.4004008505617245], "forest.mp4": [11.53251494517885], "pingu.mp4": [7.166387560631729], "kids_kitchen.mp4": [7.862185761370107], "moana.mp4": [7.336908298448854], "ratatouille.mp4": [6.199818163398186], "minions_supermarket.mp4": [9.431604904597307], "real_cars.mp4": [6.184654337239298], "bathsong.mp4": [6.54866848704538], "new_orleans.mp4": [6.219272309896207], "up_kevin_nonsocial.mp4": [5.566264659971124], "our_planet.mp4": [6.840734140577224], "up_kevin_social.mp4": [8.228442284392596], "beachsong.mp4": [6.354377259549121]}